{
  "accuracy": {
    "overall": 0.74,
    "by_answer": {
      "no": 0.7755102040816326,
      "yes": 0.7058823529411765
    },
    "by_term": {
      "atelectasis": 0.7333333333333333,
      "cardiomegaly": 0.25,
      "consolidation": 1.0,
      "edema": 0.5714285714285714,
      "effusion": 0.9473684210526315,
      "opacity": 1.0,
      "pleural": 0.4,
      "pneumonia": 1.0,
      "pneumothorax": 1.0
    }
  },
  "inside_body_ratio": {
    "mean": 0.9999999226320796,
    "std": 2.0998333698994068e-08,
    "median": 0.9999999251967147,
    "q25": 0.9999999130768069,
    "q75": 0.9999999358592685
  },
  "border_fraction": {
    "mean": 0.0,
    "std": 0.0,
    "median": 0.0,
    "q25": 0.0,
    "q75": 0.0
  },
  "attention_entropy": {
    "mean": 4.946879267692566,
    "std": 0.05635821933334423,
    "median": 4.946243047714233,
    "q25": 4.902234077453613,
    "q75": 4.985041856765747
  },
  "regional_distribution": {
    "left_fraction": 0.4807201887735916,
    "right_fraction": 0.5192797338584881,
    "apical_fraction": 0.45836595195613117,
    "basal_fraction": 0.07910402351551055
  },
  "prompt_sensitivity": {
    "js_divergence_mean": 0.2546875095070436,
    "js_divergence_std": 0.044330908356781495,
    "consistency_rate": 0.5466666666666666
  },
  "method_success_rates": {
    "token_gradcam_single_success": 0.0,
    "token_cross_attention_success": 1.0
  }
}