{
  "model": "LLaVA-Rad",
  "total_comparisons": 500,
  "by_change_type": {
    "yes_to_no": {
      "count": 31,
      "js_divergence": {
        "mean": 0.03738631518377412,
        "std": 0.02760463133736829,
        "median": 0.05777915194630623,
        "min": 0.0,
        "max": 0.06893126666545868
      },
      "correlation": {
        "mean": 0.8283078115410838,
        "std": 0.15799062551016282,
        "median": 0.7802472194727984
      },
      "cosine_similarity": {
        "mean": 0.9902186239919355,
        "std": 0.008739467796108439
      }
    },
    "no_to_yes": {
      "count": 30,
      "js_divergence": {
        "mean": 0.04531589032461246,
        "std": 0.024513167543059124,
        "median": 0.060773080214858055,
        "min": 0.006022594403475523,
        "max": 0.06712474673986435
      },
      "correlation": {
        "mean": 0.7742411331426986,
        "std": 0.14597194196265914,
        "median": 0.686544745528785
      },
      "cosine_similarity": {
        "mean": 0.98818359375,
        "std": 0.007716697759819692
      }
    },
    "yes_to_yes": {
      "count": 379,
      "js_divergence": {
        "mean": 0.035577856716398876,
        "std": 0.02724811104851079,
        "median": 0.056752949953079224,
        "min": 0.0,
        "max": 0.07173462212085724
      },
      "correlation": {
        "mean": 0.8290519249620459,
        "std": 0.163668495758806,
        "median": 0.7741175391100292
      },
      "cosine_similarity": {
        "mean": 0.9907909383245382,
        "std": 0.00858226981578033
      }
    },
    "no_to_no": {
      "count": 60,
      "js_divergence": {
        "mean": 0.03160215682388904,
        "std": 0.02772115116506376,
        "median": 0.011044999584555626,
        "min": 0.0,
        "max": 0.06708016991615295
      },
      "correlation": {
        "mean": 0.8513810246304276,
        "std": 0.1560921148413971,
        "median": 0.9902448112355491
      },
      "cosine_similarity": {
        "mean": 0.9920084635416667,
        "std": 0.008540022156741494
      }
    }
  },
  "overall": {
    "js_divergence_mean": 0.03579717917076777,
    "js_divergence_std": 0.027313726863143803,
    "correlation_mean": 0.8283966343809912,
    "correlation_std": 0.16215530500024067
  }
}