{
  "num_cases_analyzed": 10,
  "total_comparisons": 14,
  "js_divergence": {
    "mean": 0.11771659029240607,
    "std": 0.02349319072102448,
    "min": 0.06849238594209868,
    "max": 0.16613434027266266
  },
  "correlation": {
    "mean": 0.9321666959029569,
    "std": 0.030298130092267405,
    "min": 0.8667584237404684,
    "max": 0.9703868621942022
  },
  "l2_distance": {
    "mean": 0.03043644543226609,
    "std": 0.007415952221529453
  },
  "cosine_similarity": {
    "mean": 0.9562772763970823,
    "std": 0.02004071882431019
  }
}