{
  "total_comparisons": 275,
  "by_change_type": {
    "yes_to_no": {
      "count": 13,
      "js_divergence": {
        "mean": 0.12480863756158231,
        "std": 0.0186367286918783,
        "median": 0.12523736317207418,
        "min": 0.06849238594209868,
        "max": 0.14188117321667434
      },
      "correlation": {
        "mean": 0.9274592730630246,
        "std": 0.023041086429062045,
        "median": 0.928020022985843
      },
      "cosine_similarity": {
        "mean": 0.9540085112689062,
        "std": 0.014025652007206367
      }
    },
    "no_to_yes": {
      "count": 17,
      "js_divergence": {
        "mean": 0.10540321576703618,
        "std": 0.01851919982761897,
        "median": 0.10492027917079014,
        "min": 0.060728314958571714,
        "max": 0.13053535937341523
      },
      "correlation": {
        "mean": 0.9428943409227668,
        "std": 0.020092005278867862,
        "median": 0.9434951611899409
      },
      "cosine_similarity": {
        "mean": 0.9647695634310313,
        "std": 0.012307389529138237
      }
    },
    "yes_to_yes": {
      "count": 117,
      "js_divergence": {
        "mean": 0.10865491382040011,
        "std": 0.023817538246859015,
        "median": 0.1083546281585816,
        "min": 0.03964979507174472,
        "max": 0.15920187297256996
      },
      "correlation": {
        "mean": 0.9471911969175195,
        "std": 0.02505005667946795,
        "median": 0.9501372442804414
      },
      "cosine_similarity": {
        "mean": 0.9656958480173048,
        "std": 0.016273189908347373
      }
    },
    "no_to_no": {
      "count": 128,
      "js_divergence": {
        "mean": 0.11394272062451713,
        "std": 0.022567964759831232,
        "median": 0.11614168603415226,
        "min": 0.054675509849560176,
        "max": 0.1617704971343209
      },
      "correlation": {
        "mean": 0.9302603622995241,
        "std": 0.03201304611689471,
        "median": 0.9346046417798326
      },
      "cosine_similarity": {
        "mean": 0.95484392188112,
        "std": 0.020448200534004174
      }
    }
  },
  "overall": {
    "js_divergence_mean": 0.11167876404823707,
    "js_divergence_std": 0.023084457047078073,
    "correlation_mean": 0.9381122573061644,
    "correlation_std": 0.029403825629959086
  }
}